PLAYER_ID,PLAYER_NAME,NICKNAME,TEAM_ID,TEAM_ABBREVIATION,AGE,GP,W,L,W_PCT,MIN,FGM,FGA,FG_PCT,FG3M,FG3A,FG3_PCT,FTM,FTA,FT_PCT,OREB,DREB,REB,AST,TOV,STL,BLK,BLKA,PF,PFD,PTS,PLUS_MINUS,NBA_FANTASY_PTS,DD2,TD3,WNBA_FANTASY_PTS,GP_RANK,W_RANK,L_RANK,W_PCT_RANK,MIN_RANK,FGM_RANK,FGA_RANK,FG_PCT_RANK,FG3M_RANK,FG3A_RANK,FG3_PCT_RANK,FTM_RANK,FTA_RANK,FT_PCT_RANK,OREB_RANK,DREB_RANK,REB_RANK,AST_RANK,TOV_RANK,STL_RANK,BLK_RANK,BLKA_RANK,PF_RANK,PFD_RANK,PTS_RANK,PLUS_MINUS_RANK,NBA_FANTASY_PTS_RANK,DD2_RANK,TD3_RANK,WNBA_FANTASY_PTS_RANK,TEAM_COUNT
1628932,A'ja Wilson,A'ja,1611661319,LVA,29.0,40,29,11,0.725,1247.3683333333333,332,658,0.505,25,59,0.424,248,290,0.855,91,316,407,122,87,64,92,31,75,267,937,292,1989.4,21,0,1803.0,54,14,57,22,15,1,2,21,70,89,17,1,1,40,8,1,1,26,17,3,2,167,128,1,1,6,1,3,8,1,1
1642290,Aaliyah Edwards,Aaliyah,1611661323,CON,23.0,36,15,21,0.417,534.1316666666667,69,154,0.448,0,9,0.0,56,87,0.644,47,85,132,20,41,23,14,16,56,75,194,-103,452.4,0,0,420.0,78,87,136,121,98,97,101,62,156,141,156,52,43,142,35,69,53,129,78,79,53,127,98,52,97,148,94,63,8,96,2
1642801,Aaliyah Nye,Aaliyah,1611661319,LVA,23.0,44,30,14,0.682,671.1716666666666,59,171,0.345,37,118,0.314,14,17,0.824,15,51,66,24,27,13,9,10,57,19,169,-23,323.2,0,0,340.0,2,6,82,29,84,109,95,153,55,49,94,123,125,57,103,106,108,119,109,114,74,95,99,129,105,106,113,63,8,109,1
1630462,Aari McDonald,Aari,1611661325,IND,27.0,20,12,8,0.6,525.4433333333334,66,154,0.429,24,78,0.308,40,51,0.784,9,38,47,94,46,25,3,6,50,53,196,41,431.4,0,0,417.0,134,105,39,63,99,100,101,76,75,74,96,74,73,78,128,123,125,49,72,72,125,63,88,75,94,53,98,63,8,97,1
1627672,Aerial Powers,Aerial,1611661325,IND,31.0,10,7,3,0.7,166.58,27,65,0.415,7,19,0.368,13,19,0.684,10,29,39,20,11,8,1,6,19,20,74,47,166.8,0,0,158.0,159,137,13,26,144,133,133,94,121,129,41,127,122,131,119,130,129,129,141,137,144,63,38,126,133,50,137,63,8,138,2
1642828,Ajae Petty,Ajae,1611661321,DAL,23.0,2,1,1,0.5,6.316666666666666,0,0,0.0,0,0,0.0,0,0,0.0,0,1,1,0,0,0,0,0,1,0,0,-3,1.2,0,0,1.0,177,170,8,102,180,177,180,177,156,175,156,166,168,166,173,175,175,175,177,169,156,1,3,176,177,85,179,63,8,179,1
1629501,Alanna Smith,Alanna,1611661324,MIN,29.0,42,32,10,0.762,1113.6733333333334,160,330,0.485,53,161,0.329,31,65,0.477,65,149,214,121,65,55,80,11,116,86,404,236,1182.3,1,0,1062.0,40,4,50,17,34,35,44,37,30,28,82,90,57,161,18,30,26,28,40,10,3,105,172,36,42,10,22,43,8,27,1
1628297,Alexis Prince,Alexis,1611661317,PHX,31.0,1,1,0,1.0,22.05,1,3,0.333,0,1,0.0,0,0,0.0,0,8,8,1,3,0,0,0,1,0,2,5,10.1,0,0,11.0,179,170,1,1,173,172,176,159,156,165,156,166,168,166,173,156,162,167,162,169,156,1,3,176,175,75,175,63,8,173,1
1642293,Alissa Pili,Alissa,1611661320,LAS,24.0,19,14,5,0.737,98.92,13,28,0.464,4,12,0.333,13,15,0.867,4,15,19,3,8,2,1,3,13,10,43,9,71.3,0,0,75.0,137,93,27,20,155,150,152,50,130,138,71,127,130,28,144,148,149,159,145,156,144,39,28,147,147,70,152,63,8,152,2
1641648,Aliyah Boston,Aliyah,1611661325,IND,24.0,44,24,20,0.545,1326.8016666666667,271,504,0.538,6,29,0.207,112,147,0.762,107,254,361,163,81,52,41,39,136,176,660,185,1535.7,17,0,1376.0,2,33,127,80,11,6,15,11,122,118,138,20,19,95,6,5,4,14,25,18,12,177,182,6,13,16,4,4,8,7,1
1628277,Allisha Gray,Allisha,1611661330,ATL,30.0,42,28,14,0.667,1450.5966666666666,246,546,0.451,98,255,0.384,183,229,0.799,36,187,223,147,74,45,15,32,109,173,773,267,1367.1,2,0,1361.0,40,18,82,40,2,12,10,59,6,7,33,3,4,72,44,16,23,19,30,33,51,169,167,8,6,7,10,35,8,8,1
202252,Alysha Clark,Alysha,1611661322,WAS,38.0,42,19,23,0.452,828.365,59,159,0.371,26,96,0.271,19,26,0.731,16,101,117,51,22,26,4,2,81,66,163,-167,447.9,0,0,417.0,40,62,149,116,62,109,97,135,67,62,121,105,108,112,99,56,65,85,119,67,113,27,134,60,108,169,95,63,8,97,2
203826,Alyssa Thomas,Alyssa,1611661317,PHX,33.0,39,25,14,0.641,1220.61,241,453,0.532,0,6,0.0,117,169,0.692,64,280,344,357,135,62,17,30,82,156,599,192,1649.3,23,8,1458.0,61,27,82,45,19,13,23,13,156,144,156,19,15,126,19,2,7,1,1,4,46,165,137,14,16,12,2,1,1,3,1
1629539,Amy Okonkwo,Amy,1611661321,DAL,29.0,8,1,7,0.125,156.82333333333332,30,61,0.492,10,30,0.333,18,20,0.9,7,18,25,6,7,11,1,2,11,17,88,-26,156.0,0,0,153.0,163,170,34,175,146,130,137,29,111,115,71,108,119,11,135,141,141,151,148,123,144,27,25,132,129,112,139,63,8,140,1
1642797,Anastasiia Olairi Kosu,Anastasiia Olairi,1611661324,MIN,20.0,21,18,3,0.857,79.55333333333333,13,29,0.448,0,2,0.0,9,15,0.6,10,5,15,5,7,1,4,4,9,8,35,35,68.5,0,0,65.0,131,68,13,9,160,150,151,61,156,156,156,140,130,151,119,162,153,153,148,166,113,46,24,151,152,55,156,63,8,155,1
1642800,Aneesah Morrow,Aneesah,1611661323,CON,22.0,41,11,30,0.268,774.5666666666667,112,299,0.375,18,75,0.24,72,95,0.758,84,198,282,21,45,32,18,28,81,78,314,-139,788.9,8,0,735.0,47,108,173,149,72,60,50,132,86,75,133,39,37,102,11,14,13,126,73,49,39,160,134,48,62,165,48,12,8,51,1
1642291,Angel Reese,Angel,1611661329,CHI,23.0,30,9,21,0.3,946.9716666666667,153,334,0.458,4,22,0.182,130,172,0.756,123,254,377,110,118,44,20,60,103,140,440,-191,1131.4,23,1,1059.0,105,127,136,141,52,38,43,53,130,125,143,16,13,103,2,5,2,36,4,35,35,181,164,21,37,172,29,1,3,28,1
1628878,Ariel Atkins,Ariel,1611661329,CHI,29.0,34,10,24,0.294,970.3266666666667,162,365,0.444,43,119,0.361,80,93,0.86,23,91,114,122,84,53,24,17,102,125,447,-154,913.8,0,0,880.0,86,112,155,143,46,34,35,66,44,47,52,32,38,31,74,63,68,26,21,16,27,132,163,23,36,168,40,63,8,41,1
1629481,Arike Ogunbowale,Arike,1611661321,DAL,28.0,29,7,22,0.241,965.7833333333333,147,404,0.364,48,158,0.304,108,116,0.931,10,62,72,120,60,39,7,11,74,92,450,-111,794.4,1,0,782.0,109,137,146,157,47,44,32,139,40,29,101,21,27,5,119,96,105,29,47,38,85,105,126,33,35,154,47,43,8,44,1
1642793,Aziaha James,Aziaha,1611661321,DAL,23.0,38,10,28,0.263,672.7,106,284,0.373,32,112,0.286,41,55,0.745,36,75,111,59,38,24,7,11,46,47,285,-131,561.7,0,0,549.0,68,112,169,151,83,66,55,134,59,52,110,71,66,107,44,82,73,77,84,77,85,105,74,81,72,162,75,63,8,76,1
1628922,Azurá Stevens,Azurá,1611661320,LAS,29.0,44,21,23,0.477,1249.2933333333333,204,427,0.478,74,194,0.381,79,100,0.79,74,278,352,94,64,54,47,24,98,82,561,-92,1363.4,9,0,1283.0,2,51,149,110,14,22,25,40,13,14,35,34,33,74,14,3,5,49,42,14,6,153,156,40,22,143,11,11,8,12,1
1627668,Breanna Stewart,Breanna,1611661313,NYL,31.0,31,22,9,0.71,948.4,188,408,0.461,21,87,0.241,169,202,0.837,31,172,203,108,60,42,42,24,59,159,566,192,1163.6,5,0,1066.0,99,48,41,24,51,26,31,52,80,70,132,5,6,50,51,24,27,37,47,36,11,153,105,12,20,12,24,16,8,26,1
1642788,Bree Hall,Bree,1611661325,IND,22.0,4,4,0,1.0,17.466666666666665,1,5,0.2,0,2,0.0,1,3,0.333,0,3,3,0,3,0,0,1,4,1,3,10,3.6,0,0,6.0,170,155,1,1,175,172,172,172,156,156,156,162,162,164,173,170,173,175,162,169,156,18,12,168,172,69,178,63,8,177,2
203829,Bria Hartley,Bria,1611661323,CON,33.0,38,10,28,0.263,867.4683333333334,106,293,0.362,54,147,0.367,71,92,0.772,11,64,75,117,69,29,0,24,95,83,337,-263,620.5,0,0,641.0,68,112,169,151,58,66,52,142,29,34,43,40,39,88,110,91,101,31,35,57,156,153,153,39,52,175,67,63,8,63,1
1629488,Brianna Turner,Brianna,1611661325,IND,29.0,27,15,12,0.556,232.65666666666667,13,32,0.406,0,1,0.0,4,8,0.5,18,32,50,17,9,2,8,2,23,8,30,-14,136.5,0,0,117.0,118,87,62,78,136,150,150,100,156,165,156,157,152,157,85,127,122,132,144,156,81,27,45,151,154,98,141,63,8,144,1
1629524,Bridget Carleton,Bridget,1611661324,MIN,28.0,44,34,10,0.773,1227.3583333333333,102,254,0.402,63,169,0.373,18,25,0.72,39,119,158,89,33,37,12,7,83,53,285,302,722.1,0,0,693.0,2,1,50,14,17,71,67,105,19,25,38,108,109,117,40,43,41,54,97,40,65,72,139,75,72,4,56,63,8,56,1
1628280,Brionna Jones,Brionna,1611661330,ATL,29.0,44,30,14,0.682,1168.825,225,427,0.527,12,46,0.261,102,132,0.773,136,183,319,95,64,48,36,40,109,142,564,265,1277.3,12,0,1158.0,2,6,82,29,29,16,25,16,104,97,128,22,23,87,1,20,9,48,42,29,15,179,167,20,21,8,17,7,8,19,1
203398,Brittney Griner,Brittney,1611661330,ATL,35.0,39,25,14,0.641,810.005,156,301,0.518,5,19,0.263,65,85,0.765,36,167,203,33,59,5,47,10,75,93,382,30,772.1,1,0,727.0,61,27,82,45,64,37,48,19,124,129,126,45,45,94,44,25,27,105,49,145,6,95,128,32,46,58,50,43,8,53,1
1628279,Brittney Sykes,Brittney,1611661328,SEA,31.0,39,18,21,0.462,1193.4216666666666,174,457,0.381,31,102,0.304,171,219,0.781,20,103,123,155,98,48,14,28,99,175,550,6,1018.1,0,0,983.0,61,68,136,112,24,30,21,124,60,58,100,4,5,83,82,53,61,16,8,29,53,160,157,7,25,74,33,63,8,31,2
1642286,Caitlin Clark,Caitlin,1611661325,IND,23.0,13,8,5,0.615,403.6433333333333,72,196,0.367,29,104,0.279,41,50,0.82,1,64,65,115,66,21,7,9,35,58,214,83,482.5,5,1,479.0,153,134,27,57,122,93,84,136,63,55,113,71,76,60,165,91,110,33,39,85,85,88,55,65,90,39,89,16,3,87,1
1642287,Cameron Brink,Cameron,1611661320,LAS,23.0,19,10,9,0.526,244.405,35,82,0.427,10,34,0.294,16,21,0.762,26,56,82,9,25,10,26,7,48,23,96,-60,290.9,0,0,269.0,137,112,41,91,135,124,127,78,111,110,105,116,117,95,65,103,92,145,110,128,24,72,81,118,124,135,120,63,8,120,1
1642344,Camryn Taylor,Camryn,1611661324,MIN,25.0,6,3,3,0.5,22.666666666666668,1,7,0.143,1,3,0.333,0,2,0.0,2,4,6,1,3,0,0,1,4,2,3,7,8.7,0,0,11.0,165,157,13,102,172,172,169,176,142,153,71,166,163,166,157,165,165,167,162,169,156,18,12,164,172,72,176,63,8,173,1
1642304,Carla Leite,Carla,1611661331,GSV,21.0,37,19,18,0.514,637.13,86,222,0.387,13,75,0.173,83,99,0.838,9,39,48,75,57,26,3,16,55,87,268,71,468.1,0,0,462.0,75,62,119,100,89,81,74,118,101,75,146,30,34,49,128,120,123,61,53,67,125,127,95,35,75,44,92,63,8,89,1
1628508,Cecilia Zandalasini,Cecilia,1611661331,GSV,29.0,19,7,12,0.368,449.6066666666667,67,150,0.447,37,91,0.407,28,32,0.875,5,51,56,32,25,18,4,3,33,29,199,46,355.2,0,0,368.0,137,137,62,130,113,98,107,63,55,67,19,92,98,20,141,106,120,109,110,94,113,39,53,103,93,51,109,63,8,107,1
203833,Chelsea Gray,Chelsea,1611661319,LVA,33.0,44,30,14,0.682,1368.33,169,385,0.439,63,171,0.368,92,104,0.885,25,148,173,239,125,62,28,8,89,85,493,168,1204.1,4,0,1148.0,2,6,82,29,7,31,33,70,19,23,41,29,31,16,68,31,40,6,3,4,19,82,147,37,31,19,19,21,8,21,1
204323,Cheyenne Parker-Tyus,Cheyenne,1611661319,LVA,33.0,2,2,0,1.0,13.933333333333334,5,8,0.625,1,2,0.5,5,6,0.833,0,2,2,0,1,0,0,0,2,3,16,1,17.4,0,0,19.0,177,163,1,1,176,163,167,3,142,156,2,154,157,51,173,173,174,175,171,169,156,1,7,161,162,79,170,63,8,168,1
1631064,Chloe Bibby,Chloe,1611661325,IND,27.0,14,10,4,0.714,153.815,21,55,0.382,17,42,0.405,8,9,0.889,5,20,25,7,7,8,1,2,13,9,67,20,127.5,0,0,134.0,151,112,22,23,147,140,140,122,88,100,21,143,150,14,141,138,141,149,148,137,144,27,28,149,139,64,144,63,8,141,2
1631090,Christyn Williams,Christyn,1611661321,DAL,25.0,4,1,3,0.25,44.61,6,16,0.375,1,4,0.25,4,6,0.667,2,2,4,3,1,0,0,1,4,4,17,-56,25.3,0,0,25.0,170,170,13,155,166,162,161,128,142,148,131,157,157,135,157,173,172,159,171,169,156,18,12,159,161,133,164,63,8,163,1
202664,Courtney Vandersloot,Courtney,1611661329,CHI,36.0,7,2,5,0.286,190.66166666666666,29,66,0.439,5,23,0.217,11,13,0.846,2,20,22,37,17,11,2,8,13,15,74,-72,177.9,1,0,164.0,164,163,27,144,143,132,132,69,124,122,137,133,139,46,157,138,146,98,128,123,137,82,28,136,133,139,135,43,8,136,1
1627675,Courtney Williams,Courtney,1611661324,MIN,31.0,44,34,10,0.773,1260.1666666666667,248,580,0.428,58,149,0.389,45,53,0.849,23,193,216,271,101,55,14,15,86,61,599,321,1370.7,3,0,1282.0,2,1,50,14,13,11,6,77,25,33,29,64,70,44,74,15,25,2,6,10,53,121,144,63,16,3,9,27,8,13,1
204325,Crystal Bradford,Crystal,1611661319,LVA,32.0,4,2,2,0.5,24.15,2,6,0.333,0,2,0.0,0,0,0.0,2,3,5,1,1,2,0,0,3,1,4,-15,16.5,0,0,14.0,170,163,10,102,171,168,171,159,156,156,156,166,168,166,157,170,169,167,171,156,156,1,8,168,170,101,171,63,8,171,1
203024,Damiris Dantas,Damiris,1611661325,IND,33.0,38,21,17,0.553,438.5683333333333,63,181,0.348,25,95,0.263,24,28,0.857,28,63,91,25,29,6,3,10,57,29,175,-37,319.7,0,0,334.0,68,51,113,79,117,105,89,151,70,63,126,98,104,34,61,94,84,116,104,141,125,95,99,103,102,120,114,63,8,111,1
1630389,Dana Evans,Dana,1611661319,LVA,27.0,44,30,14,0.682,777.4633333333334,107,275,0.389,37,101,0.366,40,53,0.755,8,39,47,96,37,17,5,15,57,44,291,-50,520.4,0,0,515.0,2,6,82,29,71,64,59,116,55,59,47,74,70,104,131,120,125,47,87,95,108,121,99,85,69,126,82,63,8,82,1
201886,DeWanna Bonner,DeWanna,1611661317,PHX,38.0,33,18,15,0.545,778.3183333333334,105,257,0.409,40,120,0.333,75,86,0.872,29,108,137,38,28,28,9,18,43,67,325,-7,629.4,1,0,614.0,93,68,104,80,70,68,66,98,50,44,71,36,44,24,56,51,51,97,106,61,74,136,66,58,54,88,66,43,8,65,2
204324,Dearica Hamby,Dearica,1611661320,LAS,32.0,44,21,23,0.477,1374.28,324,566,0.572,15,54,0.278,148,236,0.627,113,236,349,144,117,69,21,75,119,211,811,22,1598.8,12,0,1499.0,2,51,149,110,6,2,8,6,95,92,114,13,3,146,5,8,6,20,5,2,32,182,174,2,4,63,3,7,8,2,1
1630096,DiJonai Carrington,DiJonai,1611661324,MIN,27.0,31,13,18,0.419,680.0483333333333,107,277,0.386,23,72,0.319,66,82,0.805,48,76,124,48,59,34,13,33,78,81,303,-116,605.8,0,0,592.0,99,99,119,119,82,64,57,120,78,78,91,43,48,67,34,81,60,87,49,44,61,172,131,44,66,158,69,63,8,68,2
1641649,Diamond Miller,Diamond,1611661321,DAL,24.0,40,23,17,0.575,434.20666666666665,54,134,0.403,17,51,0.333,35,46,0.761,11,41,52,31,34,12,7,11,65,33,160,-105,291.9,0,0,298.0,54,38,113,75,118,114,110,104,88,94,71,84,85,98,110,118,121,110,93,119,85,105,112,93,110,151,119,63,8,118,2
1642798,Dominique Malonga,Dominique,1611661328,SEA,20.0,42,21,21,0.5,600.0016666666667,145,263,0.551,4,18,0.222,29,51,0.569,54,141,195,36,48,17,28,30,87,48,323,-20,698.0,4,0,648.0,40,51,136,102,94,46,65,10,130,131,136,91,73,154,27,36,31,99,69,95,19,165,145,80,55,104,59,21,8,62,1
1642295,Elizabeth Kitley,Elizabeth,1611661319,LVA,24.0,12,5,7,0.417,98.18166666666667,7,23,0.304,0,1,0.0,1,2,0.5,4,13,17,1,7,4,6,4,18,6,15,-52,59.9,0,0,53.0,155,151,34,121,156,159,158,167,156,165,156,162,163,157,144,151,151,167,148,151,99,46,37,155,163,127,157,63,8,159,1
204322,Elizabeth Williams,Elizabeth,1611661329,CHI,32.0,43,10,33,0.233,906.3733333333333,157,327,0.48,0,0,0.0,50,81,0.617,79,144,223,78,56,31,39,39,62,82,364,-202,902.6,4,0,805.0,30,112,179,160,54,36,45,39,156,175,156,57,50,148,12,33,23,58,54,53,13,177,106,40,49,173,41,21,8,43,1
1631083,Emily Engstler,Emily,1611661322,WAS,25.0,40,14,26,0.35,511.77166666666665,53,134,0.396,16,63,0.254,24,36,0.667,37,93,130,58,38,28,27,3,52,29,146,-74,516.0,0,0,460.0,54,93,161,136,103,115,110,113,91,85,130,98,92,135,42,60,56,79,84,61,21,39,91,103,116,140,83,63,8,90,1
1628242,Emma Cannon,Emma,1611661320,LAS,36.0,21,7,14,0.333,213.0,32,63,0.508,14,36,0.389,15,23,0.652,11,27,38,8,16,10,1,3,36,21,93,-15,167.6,0,0,175.0,131,137,82,138,142,127,135,20,98,107,30,119,113,140,110,134,130,148,130,128,144,39,56,123,126,101,136,63,8,135,1
203416,Emma Meesseman,Emma,1611661313,NYL,32.0,17,10,7,0.588,439.58,91,159,0.572,14,21,0.667,32,37,0.865,22,65,87,54,36,21,13,7,26,42,228,32,479.4,1,0,451.0,143,112,34,65,116,77,97,7,98,127,1,88,91,30,77,90,89,84,89,85,61,72,49,88,83,57,90,43,8,92,1
204365,Erica Wheeler,Erica,1611661328,SEA,34.0,44,23,21,0.523,1126.1783333333333,168,420,0.4,76,204,0.373,43,50,0.86,17,102,119,144,68,56,9,15,112,82,455,84,940.8,0,0,924.0,2,38,136,95,31,32,29,107,12,13,39,66,76,32,94,55,63,20,36,9,74,121,169,40,34,38,35,63,8,37,1
1629496,Ezi Magbegor,Ezi,1611661328,SEA,26.0,44,23,21,0.523,1202.6133333333332,141,286,0.493,14,48,0.292,57,83,0.687,85,187,272,92,43,30,96,29,126,71,353,57,1152.4,0,0,983.0,2,38,136,95,21,48,54,27,98,95,107,51,46,130,10,16,14,51,76,54,1,163,179,56,50,47,26,63,8,31,1
1628931,Gabby Williams,Gabby,1611661328,SEA,29.0,44,23,21,0.523,1390.9983333333332,198,469,0.422,50,164,0.305,64,75,0.853,24,165,189,185,84,99,21,20,64,75,510,156,1290.3,2,0,1174.0,2,38,136,95,4,24,20,88,37,27,99,46,52,41,72,26,35,11,21,1,32,145,110,52,28,22,15,35,8,17,1
1641658,Grace Berger,Grace,1611661321,DAL,26.0,19,4,15,0.211,418.48,26,89,0.292,2,23,0.087,10,15,0.667,12,51,63,58,21,14,7,8,37,19,64,-131,268.6,0,0,229.0,137,155,104,167,120,135,125,169,139,122,155,137,130,135,108,106,112,79,122,108,85,82,59,129,140,162,121,63,8,126,2
1642817,Hailey Van Lith,Hailey,1611661329,CHI,24.0,29,7,22,0.241,360.845,37,109,0.339,5,31,0.161,23,31,0.742,4,27,31,45,36,12,4,9,22,32,102,-87,218.7,0,0,215.0,109,137,146,157,127,121,118,156,124,113,150,100,101,110,144,134,136,90,89,119,113,88,44,95,122,141,130,63,8,128,1
1641650,Haley Jones,Haley,1611661321,DAL,24.0,28,8,20,0.286,593.6383333333333,85,188,0.452,12,39,0.308,22,35,0.629,18,80,98,64,48,21,22,19,64,31,204,-105,498.6,0,0,464.0,113,134,127,144,95,83,86,58,104,102,96,101,96,145,85,77,82,70,69,85,31,140,110,97,92,151,87,63,8,88,2
203863,Haley Peters,Haley,1611661323,CON,33.0,33,6,27,0.182,379.56666666666666,25,82,0.305,8,39,0.205,10,13,0.769,25,49,74,25,22,11,3,6,50,23,68,-112,214.3,0,0,203.0,93,145,163,171,124,139,127,166,116,102,139,137,139,91,68,110,102,116,119,123,125,63,88,118,138,157,132,63,8,131,1
1630387,Iliana Rupert,Iliana,1611661331,GSV,24.0,21,13,8,0.619,486.45,67,153,0.438,46,104,0.442,15,16,0.938,21,60,81,33,20,13,12,9,48,22,195,74,396.7,0,0,405.0,131,99,39,54,107,98,104,72,41,55,13,119,127,3,79,97,94,105,125,114,65,88,81,120,96,42,105,63,8,101,1
204330,Isabelle Harrison,Isabelle,1611661313,NYL,32.0,34,21,13,0.618,360.2,65,134,0.485,4,15,0.267,33,43,0.767,29,60,89,24,23,20,2,13,44,31,167,-10,352.8,0,0,328.0,86,51,73,55,128,103,110,36,130,134,124,87,87,93,56,97,87,119,115,89,137,113,68,97,106,93,110,63,8,114,1
1642808,JJ Quinerly,JJ,1611661321,DAL,23.0,34,9,25,0.265,539.02,80,188,0.426,21,54,0.389,39,45,0.867,18,45,63,78,52,29,7,21,70,54,220,-45,468.6,0,0,454.0,86,127,157,150,97,88,86,80,80,92,30,78,86,28,85,115,112,58,63,57,85,147,118,73,89,123,91,63,8,91,1
1629498,Jackie Young,Jackie,1611661319,LVA,28.0,44,30,14,0.682,1336.4533333333334,260,547,0.475,80,223,0.359,127,142,0.894,52,144,196,226,98,57,18,15,106,120,727,237,1428.2,3,2,1379.0,2,6,82,29,10,8,9,44,11,11,55,18,21,12,29,33,30,7,8,7,39,121,166,25,8,9,7,27,2,6,1
1642292,Jacy Sheldon,Jacy,1611661322,WAS,25.0,30,6,24,0.2,707.4983333333333,83,178,0.466,36,91,0.396,22,25,0.88,22,35,57,56,31,27,6,9,72,29,224,-270,444.4,0,0,439.0,105,145,155,168,78,84,92,48,58,67,24,101,109,18,77,125,117,82,100,65,99,88,123,103,85,177,96,63,8,94,2
1631141,Jade Melbourne,Jade,1611661322,WAS,23.0,43,16,27,0.372,1007.7666666666667,90,225,0.4,26,95,0.274,49,73,0.671,17,63,80,124,72,26,8,12,101,80,255,-183,567.0,0,0,553.0,30,79,163,127,44,78,73,107,67,63,118,59,53,134,94,94,96,24,31,67,81,111,159,46,79,171,73,63,8,74,1
1642240,Jaelyn Brown,Jaelyn,1611661323,CON,27.0,10,1,9,0.1,131.115,14,37,0.378,8,18,0.444,1,2,0.5,4,8,12,1,5,5,2,0,17,5,37,-54,68.9,0,0,72.0,159,170,41,178,151,147,148,126,116,131,12,162,163,157,144,156,157,167,161,145,137,1,34,157,150,130,155,63,8,154,1
1642767,Janelle Salaün,Janelle,1611661331,GSV,24.0,36,18,18,0.5,972.8416666666667,147,362,0.406,63,172,0.366,50,62,0.806,32,151,183,43,53,22,3,7,70,75,407,-6,713.1,1,0,746.0,78,68,119,102,45,44,36,101,19,22,48,57,59,66,50,29,38,93,60,83,125,72,118,52,41,87,57,43,8,50,1
1642320,Jaylyn Sherrod,Jaylyn,1611661324,MIN,24.0,26,15,11,0.577,142.19166666666666,9,28,0.321,3,13,0.231,9,13,0.692,2,13,15,12,12,11,0,5,19,18,30,-27,87.0,0,0,82.0,119,87,57,72,149,156,152,164,134,137,134,140,139,126,157,151,153,140,139,123,156,54,38,131,154,113,149,63,8,149,2
1629491,Jessica Shepard,Jessica,1611661324,MIN,29.0,40,31,9,0.775,834.9266666666666,132,207,0.638,0,1,0.0,56,103,0.544,92,201,293,104,58,19,4,18,44,85,320,158,838.6,10,1,763.0,54,5,41,13,59,51,83,2,156,165,156,52,32,155,7,13,11,42,51,91,113,136,68,37,57,21,43,10,3,47,1
204319,Jewell Loyd,Jewell,1611661319,LVA,32.0,44,30,14,0.682,1245.09,166,427,0.389,100,262,0.382,59,71,0.831,49,93,142,81,53,52,11,13,85,88,491,120,918.9,0,0,940.0,2,6,82,29,16,33,25,117,4,5,34,50,54,52,33,60,48,56,60,18,69,113,143,34,32,34,39,63,8,35,1
1627673,Jonquel Jones,Jonquel,1611661313,NYL,31.0,31,19,12,0.613,829.6883333333334,150,306,0.49,53,125,0.424,70,91,0.769,45,206,251,85,65,15,33,13,79,95,423,139,930.7,12,0,908.0,99,62,62,59,61,42,47,32,30,40,16,41,41,91,37,10,16,55,40,104,17,113,133,31,39,28,37,7,8,38,1
1628886,Jordin Canada,Jordin,1611661330,ATL,30.0,28,19,9,0.679,783.0333333333333,108,273,0.396,25,86,0.291,73,96,0.76,8,83,91,159,62,48,9,14,46,77,314,190,770.7,1,0,703.0,113,62,41,37,68,62,60,112,70,71,109,38,36,99,131,72,84,15,44,29,74,117,74,49,62,14,51,43,8,55,1
1630115,Joyner Holmes,Joyner,1611661319,LVA,27.0,6,2,4,0.333,28.783333333333335,3,12,0.25,1,5,0.2,0,0,0.0,2,4,6,0,2,0,0,0,5,0,7,-2,12.2,0,0,14.0,165,163,22,138,169,166,163,170,142,146,140,166,168,166,157,165,165,175,166,169,156,1,16,176,167,84,172,63,8,171,1
1627700,Julie Allemand,Julie,1611661320,LAS,29.0,34,18,16,0.529,963.2966666666666,70,159,0.44,28,101,0.277,15,19,0.789,13,114,127,170,53,45,1,1,55,17,183,56,675.4,2,1,600.0,86,68,107,90,48,96,97,68,64,59,116,119,122,75,106,48,57,12,60,33,144,18,95,132,101,48,61,35,3,67,1
1642210,Julie Vanloo,Julie,1611661320,LAS,32.0,35,19,16,0.543,448.99333333333334,33,111,0.297,25,92,0.272,8,10,0.8,4,28,32,68,49,15,0,2,45,22,99,-127,235.4,0,0,254.0,82,62,107,86,114,126,116,168,70,66,119,143,148,68,144,132,134,66,67,104,156,27,71,120,123,161,127,63,8,121,2
1627674,Kahleah Copper,Kahleah,1611661317,PHX,31.0,28,16,12,0.571,752.2233333333334,153,361,0.424,57,151,0.377,75,88,0.852,11,70,81,43,62,30,5,28,73,77,438,77,642.7,0,0,689.0,113,79,62,76,75,38,38,84,26,31,36,36,42,42,110,86,94,93,44,54,108,160,125,49,38,41,64,63,8,57,1
1630097,Kaila Charles,Kaila,1611661331,GSV,27.0,35,15,20,0.429,616.3266666666667,79,188,0.42,25,72,0.347,40,49,0.816,46,103,149,35,38,28,7,17,69,45,223,27,521.3,0,0,502.0,82,87,127,118,93,89,86,91,70,78,64,74,80,63,36,53,44,101,84,61,85,132,117,83,86,61,81,63,8,85,2
1642822,Kaitlyn Chen,Kaitlyn,1611661331,GSV,23.0,24,13,11,0.542,246.765,19,50,0.38,5,15,0.333,5,7,0.714,5,17,22,24,18,5,0,4,16,9,48,-23,107.4,0,0,109.0,127,99,57,87,134,142,143,125,124,134,71,154,154,119,141,144,146,119,127,145,156,46,32,149,144,106,146,63,8,146,1
1629480,Kalani Brown,Kalani,1611661317,PHX,28.0,29,17,12,0.586,370.365,59,96,0.615,3,8,0.375,27,35,0.771,36,81,117,16,23,7,18,9,46,26,148,-52,364.4,1,0,334.0,109,75,62,66,126,109,123,4,134,142,37,93,96,89,44,74,65,135,115,139,39,88,74,109,114,127,108,43,8,111,1
1630154,Kamiah Smalls,Kamiah,1611661330,ATL,27.0,3,3,0,1.0,3.4,0,0,0.0,0,0,0.0,0,0,0.0,0,0,0,0,0,0,0,0,0,0,0,2,0.0,0,0,0.0,174,157,1,1,181,177,180,177,156,175,156,166,168,166,173,178,181,175,177,169,156,1,1,176,177,77,180,63,8,181,1
1642289,Kamilla Cardoso,Kamilla,1611661329,CHI,24.0,40,9,31,0.225,1102.33,223,422,0.528,1,2,0.5,96,133,0.722,118,223,341,98,97,14,47,42,113,118,543,-304,1185.2,13,0,1105.0,54,127,174,164,36,17,28,15,142,156,2,26,22,116,3,9,8,45,11,108,6,180,170,26,26,179,20,6,8,24,1
1642773,Kariata Diaby,Kariata,1611661323,CON,30.0,13,1,12,0.077,103.45833333333333,7,14,0.5,0,0,0.0,11,14,0.786,3,10,13,5,12,6,1,4,19,12,25,-31,57.1,0,0,57.0,153,170,62,179,154,159,162,24,156,175,156,133,136,77,150,155,156,153,139,141,144,46,38,143,157,117,159,63,8,157,1
1628317,Karlie Samuelson,Karlie,1611661324,MIN,30.0,16,14,2,0.875,227.76166666666666,14,42,0.333,12,34,0.353,13,14,0.929,3,17,20,17,11,6,1,1,26,20,53,65,112.5,0,0,116.0,147,93,10,8,137,147,145,159,104,110,60,127,136,6,150,144,148,132,141,141,144,18,49,126,142,46,145,63,8,145,1
1642324,Kate Martin,Kate,1611661331,GSV,25.0,42,22,20,0.524,686.8583333333333,86,266,0.323,57,184,0.31,32,41,0.78,20,92,112,40,34,17,4,19,48,30,261,-25,484.4,0,0,512.0,40,48,127,94,81,81,63,163,26,17,95,88,89,84,82,62,72,95,93,95,113,140,81,101,76,109,88,63,8,84,1
1628957,Kathryn Westbeld,Kathryn,1611661317,PHX,29.0,43,27,16,0.628,792.0216666666666,77,215,0.358,42,131,0.321,25,32,0.781,30,79,109,39,24,36,24,10,66,21,221,54,566.3,0,0,531.0,30,19,107,52,67,90,79,144,46,38,88,97,98,82,53,78,75,96,113,42,27,95,115,123,87,49,74,63,8,80,1
203825,Kayla McBride,Kayla,1611661324,MIN,33.0,39,29,10,0.744,1219.46,178,428,0.416,103,261,0.395,95,105,0.905,10,79,89,137,67,49,3,7,52,82,554,296,955.3,0,0,987.0,61,14,50,19,20,29,24,93,2,6,27,27,30,10,119,78,87,23,37,26,125,72,91,40,24,5,34,63,8,30,1
203866,Kayla Thornton,Kayla,1611661331,GSV,33.0,22,10,12,0.455,662.435,100,276,0.362,40,142,0.282,68,82,0.829,40,114,154,33,36,29,5,10,52,56,308,20,608.3,5,0,603.0,130,112,62,115,87,73,58,140,50,35,112,42,48,54,39,48,42,105,89,57,108,95,91,70,64,64,68,16,8,66,1
1628909,Kelsey Mitchell,Kelsey,1611661325,IND,30.0,44,24,20,0.545,1380.855,315,691,0.456,111,282,0.394,149,190,0.784,18,59,77,150,78,39,7,25,88,162,890,151,1267.4,0,0,1320.0,2,33,127,80,5,4,1,56,1,2,28,11,8,79,85,99,98,18,26,38,85,157,146,11,2,25,18,63,8,10,1
1628276,Kelsey Plum,Kelsey,1611661320,LAS,31.0,43,21,22,0.488,1508.045,261,618,0.422,99,279,0.355,218,244,0.893,10,122,132,247,131,53,4,32,117,211,839,-71,1407.9,2,0,1431.0,30,51,146,109,1,7,3,87,5,3,57,2,2,13,119,41,53,5,2,16,113,169,173,2,3,138,8,35,8,4,1
1629568,Kennedy Burke,Kennedy,1611661313,NYL,28.0,36,23,13,0.639,779.37,102,218,0.468,46,111,0.414,41,54,0.759,21,64,85,45,34,28,16,11,47,47,291,73,558.5,0,0,555.0,78,38,73,47,69,71,76,47,41,53,18,71,68,100,79,91,90,90,93,61,49,105,78,81,69,43,76,63,8,73,1
1628915,Kia Nurse,Kia,1611661329,CHI,29.0,44,10,34,0.227,962.0733333333334,103,291,0.354,61,182,0.335,49,62,0.79,18,85,103,55,55,14,2,17,72,76,316,-312,515.1,0,0,567.0,2,112,180,161,49,70,53,148,23,18,70,59,59,73,85,69,78,83,56,108,137,132,123,51,60,180,84,63,8,70,1
204329,Kiah Stokes,Kiah,1611661319,LVA,32.0,40,26,14,0.65,514.2533333333333,18,51,0.353,3,23,0.13,5,8,0.625,29,115,144,17,16,17,14,2,47,14,44,-90,319.3,0,0,270.0,54,23,82,43,102,143,142,149,134,122,154,154,152,147,56,47,47,132,130,95,53,27,78,137,146,142,115,63,8,119,1
1630461,Kiana Williams,Kiana,1611661317,PHX,26.0,11,6,5,0.545,106.595,17,40,0.425,9,26,0.346,2,4,0.5,0,11,11,10,6,3,0,1,6,4,45,-33,76.2,0,0,81.0,157,145,27,80,153,144,146,81,115,120,65,160,159,157,173,154,158,143,156,154,156,18,18,159,145,119,150,63,8,150,1
1631006,Kierstan Bell,Kierstan,1611661319,LVA,25.0,35,22,13,0.629,426.76,52,154,0.338,30,103,0.291,12,15,0.8,20,42,62,23,17,14,11,3,30,13,146,26,312.9,0,0,311.0,82,48,73,51,119,116,101,157,62,57,108,130,130,68,82,116,114,122,128,108,69,39,52,139,116,62,117,63,8,117,1
1642792,Kiki Iriafen,Kiki,1611661322,WAS,22.0,44,16,28,0.364,1185.3683333333333,222,455,0.488,2,11,0.182,138,176,0.784,114,262,376,69,96,26,7,36,126,145,584,-95,1141.7,16,0,1097.0,2,79,169,132,27,19,22,34,139,139,143,14,12,80,4,4,3,65,12,67,85,174,179,19,18,147,28,5,8,25,1
1629490,Kitija Laksa,Kitija,1611661317,PHX,29.0,33,19,14,0.576,626.17,66,180,0.367,38,120,0.317,26,32,0.813,11,29,40,21,19,12,6,5,48,31,196,-94,310.5,0,0,331.0,93,62,82,74,91,100,90,138,54,44,93,94,98,65,110,130,128,126,126,119,99,54,81,97,94,145,118,63,8,113,1
1642768,Kyara Linskens,Kyara,1611661331,GSV,29.0,4,2,2,0.5,26.783333333333335,2,5,0.4,0,1,0.0,0,0,0.0,1,5,6,1,2,1,3,0,7,1,4,7,22.7,0,0,19.0,170,163,10,102,170,168,172,107,156,165,156,166,168,166,165,162,165,167,166,166,125,1,20,168,170,72,167,63,8,168,1
1643154,Kyra Lambert,Kyra,1611661325,IND,29.0,1,1,0,1.0,0.07666666666666666,0,0,0.0,0,0,0.0,0,0,0.0,0,0,0,0,0,0,0,0,0,0,0,0,0.0,0,0,0.0,179,170,1,1,182,177,180,177,156,175,156,166,168,166,173,178,181,175,177,169,156,1,1,176,177,82,180,63,8,181,1
1641656,Laeticia Amihere,Laeticia,1611661331,GSV,24.0,29,17,12,0.586,384.48833333333334,52,114,0.456,3,21,0.143,49,63,0.778,35,90,125,27,32,17,13,14,36,45,156,-8,404.5,1,0,371.0,109,75,62,66,123,116,115,55,134,127,151,59,58,85,48,64,59,115,99,95,61,117,56,83,112,91,103,43,8,106,1
1630142,Leonie Fiebich,Leonie,1611661313,NYL,25.0,37,25,12,0.676,1040.6633333333334,108,221,0.489,51,120,0.425,54,62,0.871,23,108,131,64,45,34,14,5,90,63,321,147,673.2,0,0,663.0,75,27,62,38,41,62,75,33,34,44,15,54,59,25,74,51,55,70,73,44,53,54,150,62,56,27,62,63,8,61,1
1631118,Lexi Held,Lexi,1611661317,PHX,25.0,32,20,12,0.625,470.5366666666667,62,164,0.378,28,91,0.308,18,22,0.818,11,23,34,35,28,23,5,9,38,33,170,-68,319.3,0,0,323.0,98,58,62,53,110,106,96,127,64,67,96,108,116,61,110,136,133,101,106,79,108,88,63,93,103,136,115,63,8,115,1
1628882,Lexie Brown,Lexie,1611661328,SEA,31.0,24,14,10,0.583,226.53166666666667,17,48,0.354,10,37,0.27,7,10,0.7,2,15,17,23,6,9,1,1,20,6,51,3,129.9,0,0,121.0,127,93,50,69,138,144,144,147,111,106,123,146,148,124,157,148,151,122,156,134,144,18,42,155,143,76,143,63,8,143,1
1631086,Lexie Hull,Lexie,1611661325,IND,26.0,44,24,20,0.545,1189.0383333333334,118,299,0.395,55,150,0.367,26,36,0.722,62,128,190,79,41,51,7,19,121,72,317,152,796.5,1,0,757.0,2,33,127,80,26,57,50,114,28,32,44,94,92,114,20,39,33,57,78,22,85,140,178,55,58,24,46,43,8,48,1
1642303,Leïla Lacan,Leïla,1611661323,CON,21.0,25,9,16,0.36,665.0466666666666,104,218,0.477,15,67,0.224,36,42,0.857,17,42,59,92,47,55,4,6,83,42,259,-1,597.8,0,0,543.0,125,127,107,134,86,69,76,41,95,82,135,81,88,34,94,116,116,51,71,10,113,63,139,88,77,83,70,63,8,78,1
1629574,Li Yueru,Li,1611661321,DAL,26.0,31,13,18,0.419,519.5183333333333,62,153,0.405,20,55,0.364,43,50,0.86,52,89,141,29,30,9,9,18,57,64,187,-25,423.7,3,0,413.0,99,99,119,119,100,106,104,102,83,91,50,66,76,32,29,66,50,114,102,134,74,136,99,61,100,109,101,27,8,99,2
1642820,Liatu King,Liatu,1611661321,DAL,23.0,14,5,9,0.357,135.93166666666667,13,27,0.481,1,6,0.167,11,15,0.733,12,17,29,4,11,2,0,4,14,10,38,-14,73.8,0,0,76.0,151,151,41,135,150,150,155,38,142,144,147,133,130,111,108,144,139,156,141,156,156,46,31,147,149,98,151,63,8,151,2
1628263,Lindsay Allen,Lindsay,1611661323,CON,30.0,31,6,25,0.194,450.25333333333333,26,65,0.4,3,18,0.167,19,23,0.826,9,23,32,61,31,10,6,2,37,32,74,-145,220.9,0,0,202.0,99,145,157,170,112,135,133,107,134,131,147,105,113,56,128,136,134,74,100,128,99,27,59,95,133,166,128,63,8,132,1
1642802,Lucy Olsen,Lucy,1611661322,WAS,22.0,41,15,26,0.366,507.79833333333335,66,159,0.415,19,70,0.271,14,17,0.824,11,37,48,49,21,15,5,6,45,22,165,-122,335.1,0,0,321.0,47,87,161,131,105,100,97,95,85,80,120,123,125,57,110,124,123,86,122,104,108,63,71,120,107,160,112,63,8,116,1
1630143,Luisa Geiselsöder,Luisa,1611661321,DAL,25.0,28,5,23,0.179,627.8933333333333,76,179,0.425,31,94,0.33,9,11,0.818,24,109,133,44,28,22,19,6,67,16,192,-133,512.6,1,0,482.0,113,151,149,172,90,92,91,82,60,65,81,140,145,61,72,50,52,92,106,83,36,63,116,135,98,164,85,43,8,86,1
1642307,Mackenzie Holmes,Mackenzie,1611661328,SEA,25.0,10,7,3,0.7,58.33166666666666,5,7,0.714,0,0,0.0,0,0,0.0,3,6,9,2,0,5,1,0,7,2,10,-27,41.8,0,0,33.0,159,137,13,26,163,163,169,1,156,175,156,166,168,166,150,161,160,162,177,145,144,1,20,164,165,113,162,63,8,162,1
1641652,Maddy Siegrist,Maddy,1611661321,DAL,25.0,26,3,23,0.115,701.9333333333333,132,269,0.491,26,81,0.321,40,58,0.69,52,59,111,21,14,19,15,15,50,39,330,-92,582.7,1,0,556.0,119,157,149,176,79,51,61,31,67,73,87,74,65,128,29,99,73,126,137,91,51,121,88,91,53,143,71,43,8,72,1
1642818,Maddy Westbeld,Maddy,1611661329,CHI,23.0,26,3,23,0.115,354.29333333333335,38,105,0.362,17,43,0.395,14,16,0.875,21,41,62,23,16,13,7,5,42,13,107,-117,259.9,0,0,249.0,119,157,149,176,129,120,119,141,88,99,25,123,127,20,79,118,114,122,130,114,85,54,64,139,120,159,123,63,8,123,1
1642810,Madison Scott,Madison,1611661322,WAS,23.0,9,2,7,0.222,46.81666666666667,5,11,0.455,0,1,0.0,4,4,1.0,1,0,1,2,1,2,0,2,8,3,14,-7,23.2,0,0,21.0,162,163,34,166,165,163,164,57,156,165,156,157,159,1,165,178,175,162,171,156,156,27,23,161,164,88,166,63,8,167,1
1642815,Makayla Timpson,Makayla,1611661325,IND,23.0,31,18,13,0.581,218.72666666666666,32,57,0.561,0,0,0.0,18,27,0.667,18,39,57,1,8,13,8,8,24,25,82,1,206.9,0,0,182.0,99,68,73,70,141,127,138,8,156,175,156,108,106,135,85,120,117,167,145,114,81,82,46,112,130,79,133,63,8,134,1
1642841,Mamignan Touré,Mamignan,1611661323,CON,30.0,18,5,13,0.278,147.42333333333335,14,39,0.359,8,22,0.364,0,0,0.0,4,3,7,9,8,7,0,0,19,1,36,-25,70.9,0,0,74.0,142,151,73,147,148,147,147,143,116,125,50,166,168,166,144,170,163,145,145,139,156,1,38,168,151,109,153,63,8,153,1
1628926,Maria Kliundikova,Maria,1611661324,MIN,27.0,34,25,9,0.735,372.595,64,128,0.5,8,25,0.32,12,21,0.571,43,59,102,19,23,25,26,4,48,21,148,78,428.9,0,0,379.0,86,27,41,21,125,104,113,24,116,121,90,130,117,153,38,99,79,131,115,72,24,46,81,123,114,40,100,63,8,104,1
1629497,Marina Mabrey,Marina,1611661323,CON,29.0,35,10,25,0.286,1103.13,179,488,0.367,66,244,0.27,80,92,0.87,17,129,146,141,98,24,10,23,100,128,504,-293,894.7,2,0,925.0,82,112,157,144,35,28,17,137,15,8,122,32,39,26,94,38,46,22,8,77,73,151,158,22,29,178,42,35,8,36,1
1629546,Marine Johannès,Marine,1611661313,NYL,30.0,44,27,17,0.614,803.2216666666667,100,252,0.397,65,189,0.344,16,19,0.842,13,71,84,70,52,25,12,7,46,20,281,102,545.8,0,0,574.0,2,19,113,58,65,73,68,111,17,15,67,116,122,48,106,84,91,64,63,72,65,72,74,126,74,36,77,63,8,69,1
1642763,Marième Badiane,Marième,1611661324,MIN,31.0,3,3,0,1.0,10.735,0,3,0.0,0,1,0.0,0,0,0.0,1,0,1,0,2,2,0,0,6,0,0,-7,5.2,0,0,5.0,174,157,1,1,179,177,176,177,156,165,156,166,168,166,165,178,175,175,166,156,156,1,18,176,177,88,177,63,8,178,1
1642301,Marquesha Davis,Marquesha,1611661329,CHI,24.0,11,7,4,0.636,51.89,2,10,0.2,0,4,0.0,6,7,0.857,3,4,7,1,6,0,2,2,3,5,10,-13,19.9,0,0,22.0,157,137,22,48,164,168,166,172,156,148,156,152,154,34,150,165,163,167,156,169,137,27,8,157,165,97,169,63,8,165,2
1630471,Maya Caldwell,Maya,1611661330,ATL,26.0,41,27,14,0.659,760.4,83,195,0.426,39,110,0.355,16,20,0.8,33,94,127,74,40,37,7,4,65,26,221,128,576.4,0,0,549.0,47,19,82,41,73,84,85,79,52,54,59,116,119,68,49,59,57,62,80,40,85,46,112,109,87,32,72,63,8,76,1
1629484,Megan Gustafson,Megan,1611661319,LVA,28.0,20,16,4,0.8,225.60833333333332,20,57,0.351,13,39,0.333,7,15,0.467,8,28,36,5,6,3,6,0,42,14,60,-55,131.7,0,0,132.0,134,79,22,12,139,141,138,150,101,102,71,146,130,163,131,132,132,153,156,154,99,1,64,137,141,132,142,63,8,142,1
1642799,Megan McConnell,Megan,1611661317,PHX,24.0,1,0,1,0.0,12.635,1,4,0.25,1,2,0.5,0,0,0.0,1,0,1,3,0,1,0,1,1,2,3,-22,11.7,0,0,10.0,179,181,8,181,177,172,175,170,142,156,2,166,168,166,165,178,175,159,177,166,156,18,3,164,172,105,173,63,8,175,1
1628920,Mercedes Russell,Mercedes,1611661320,LAS,30.0,20,6,14,0.3,163.34666666666666,12,27,0.444,0,0,0.0,10,14,0.714,10,14,24,12,7,5,4,3,17,8,34,-58,100.8,0,0,88.0,134,145,82,141,145,154,155,64,156,175,156,137,136,119,119,150,145,140,148,145,113,39,34,151,153,134,147,63,8,148,1
1630446,Michaela Onyenwere,Michaela,1611661329,CHI,26.0,42,10,32,0.238,710.695,89,211,0.422,24,68,0.353,43,51,0.843,17,52,69,48,56,16,4,22,75,41,245,-147,403.8,0,0,426.0,40,112,177,159,77,79,82,90,75,81,60,66,73,47,94,105,106,87,54,101,113,149,128,90,81,167,104,63,8,95,1
1642777,Monique Akoa Makani,Monique,1611661317,PHX,24.0,41,26,15,0.634,880.645,114,265,0.43,49,123,0.398,38,41,0.927,25,66,91,111,55,32,3,7,101,56,315,163,640.7,0,0,636.0,47,23,104,49,56,58,64,75,39,43,23,79,89,7,68,89,84,35,56,49,125,72,159,70,61,20,65,63,8,64,1
1628881,Monique Billings,Monique,1611661331,GSV,29.0,26,12,14,0.462,474.3233333333333,72,151,0.477,10,36,0.278,36,53,0.679,37,79,116,14,21,16,21,10,44,50,190,-11,440.2,1,0,404.0,119,105,82,112,109,93,106,43,111,107,114,81,70,133,42,78,67,136,122,101,32,95,68,79,99,95,97,43,8,102,1
1627669,Moriah Jefferson,Moriah,1611661329,CHI,31.0,5,2,3,0.4,35.25,3,8,0.375,1,3,0.333,0,0,0.0,0,5,5,9,2,0,0,0,3,0,7,-24,24.5,0,0,22.0,168,163,13,125,168,166,167,128,142,153,71,166,168,166,173,162,169,145,166,169,156,1,8,176,167,108,165,63,8,165,1
1642774,Murjanatu Musa,Murjanatu,1611661317,PHX,25.0,12,9,3,0.75,121.77,16,35,0.457,1,2,0.5,7,11,0.636,18,13,31,7,7,4,2,2,17,13,40,-48,98.7,0,0,91.0,155,127,13,18,152,146,149,54,142,156,2,146,145,144,85,151,136,149,148,151,137,27,34,139,148,125,148,63,8,147,1
1628899,Myisha Hines-Allen,Myisha,1611661321,DAL,30.0,40,9,31,0.225,882.15,112,249,0.45,16,60,0.267,62,83,0.747,58,182,240,116,87,32,18,16,101,69,302,-94,827.0,3,0,774.0,54,127,174,164,55,60,69,60,91,88,124,48,46,105,25,21,20,32,17,49,39,127,159,57,68,145,45,27,8,46,1
1631019,NaLyssa Smith,NaLyssa,1611661319,LVA,25.0,45,26,19,0.578,956.125,134,267,0.502,8,27,0.296,66,108,0.611,74,157,231,33,51,25,29,23,131,99,342,37,779.7,3,0,722.0,1,23,125,71,50,50,62,23,116,119,103,43,29,150,14,27,21,105,65,72,18,151,181,30,51,54,49,27,8,54,2
1629483,Napheesa Collier,Napheesa,1611661324,MIN,29.0,33,27,6,0.818,1064.5516666666667,275,518,0.531,50,124,0.403,155,171,0.906,62,179,241,105,70,54,50,25,78,184,755,343,1443.7,5,0,1359.0,93,19,32,11,39,5,13,14,37,41,22,8,14,9,20,22,19,39,34,14,5,157,131,5,7,1,5,16,8,9,1
204333,Natasha Cloud,Natasha,1611661313,NYL,33.0,41,24,17,0.585,1190.6866666666667,151,349,0.433,52,154,0.338,60,69,0.87,14,137,151,211,77,49,14,8,119,58,414,127,1023.7,0,0,954.0,47,33,113,68,25,40,39,73,33,30,69,49,55,26,105,37,43,9,28,26,53,82,174,65,40,33,32,63,8,34,1
203827,Natasha Howard,Natasha,1611661325,IND,34.0,44,24,20,0.545,1060.3366666666666,200,362,0.552,6,33,0.182,94,132,0.712,86,204,290,66,85,52,25,19,119,112,500,137,1093.0,8,0,1016.0,2,33,127,80,40,23,36,9,122,112,143,28,23,121,9,11,12,68,19,18,26,140,174,28,30,30,30,12,8,29,1
1630442,Natasha Mack,Natasha,1611661317,PHX,28.0,34,21,13,0.618,622.7083333333334,71,124,0.573,0,4,0.0,17,36,0.472,78,119,197,30,15,30,52,7,55,31,159,132,671.4,1,0,550.0,86,51,73,55,92,95,114,5,156,148,156,113,92,162,13,43,29,113,135,54,4,72,95,97,111,31,63,43,8,75,1
1629567,Natisha Hiedeman,Natisha,1611661324,MIN,28.0,44,34,10,0.773,832.52,151,307,0.492,46,124,0.371,51,67,0.761,11,71,82,123,54,32,9,16,71,58,399,190,750.9,1,0,732.0,2,1,50,14,60,40,46,28,41,41,40,56,56,97,110,84,92,25,59,49,74,127,121,65,43,14,52,43,8,52,1
1631044,Naz Hillmon,Naz,1611661330,ATL,25.0,44,30,14,0.682,1121.61,139,300,0.463,53,165,0.321,49,59,0.831,69,202,271,105,50,21,19,14,74,43,380,335,932.7,3,0,889.0,2,6,82,29,33,49,49,51,30,26,86,59,62,53,17,12,15,39,66,85,36,117,126,87,47,2,36,27,8,39,1
1628269,Nia Coffey,Nia,1611661330,ATL,30.0,44,30,14,0.682,454.97333333333336,55,147,0.374,24,82,0.293,36,50,0.72,26,88,114,46,30,10,18,15,47,37,170,43,429.8,1,0,410.0,2,6,82,29,111,112,108,133,75,72,106,81,76,117,65,68,68,89,102,128,39,121,78,92,103,52,99,43,8,100,1
203014,Nneka Ogwumike,Nneka,1611661328,SEA,35.0,44,23,21,0.523,1358.555,320,617,0.519,66,180,0.367,97,118,0.822,59,250,309,99,85,50,18,31,83,151,803,138,1441.3,6,0,1413.0,2,38,136,95,8,3,4,18,15,20,44,24,25,59,24,7,10,44,19,24,39,167,139,16,5,29,6,15,8,5,1
1631055,Nyara Sabally,Nyara,1611661313,NYL,25.0,17,11,6,0.647,304.68833333333333,37,76,0.487,1,7,0.143,17,25,0.68,27,50,77,13,16,9,17,10,37,24,92,-3,265.9,0,0,235.0,143,108,32,44,131,121,129,35,142,143,151,113,109,132,62,109,98,138,130,134,46,95,59,114,127,85,122,63,8,124,1
203824,Odyssey Sims,Odyssey,1611661325,IND,33.0,24,10,14,0.417,670.7866666666666,89,215,0.414,21,64,0.328,43,55,0.782,10,47,57,90,33,17,1,17,48,67,242,30,466.4,0,0,446.0,127,112,82,121,85,79,79,96,80,84,84,66,66,81,119,112,117,53,97,95,144,132,81,58,82,58,93,63,8,93,2
1631135,Olivia Nelson-Ododa,Olivia,1611661323,CON,25.0,37,10,27,0.27,799.9783333333334,113,215,0.526,1,2,0.5,78,111,0.703,60,124,184,34,40,27,43,20,89,101,305,-175,746.8,2,0,664.0,75,112,163,148,66,59,79,17,142,156,2,35,28,123,23,40,37,103,80,65,9,145,147,29,65,170,53,35,8,60,1
1642784,Paige Bueckers,Paige,1611661321,DAL,24.0,36,9,27,0.25,1199.0,259,543,0.477,39,118,0.331,135,152,0.888,25,117,142,194,72,57,18,21,82,170,692,-104,1306.4,2,0,1217.0,78,127,163,155,22,10,11,42,52,49,80,15,17,15,68,45,48,10,31,7,39,147,137,10,11,149,14,35,8,15,1
1627671,Rachel Banham,Rachel,1611661329,CHI,32.0,44,10,34,0.227,1080.9283333333333,129,338,0.382,86,241,0.357,52,59,0.881,6,68,74,119,71,26,11,10,84,44,396,-314,703.3,1,0,749.0,2,112,180,161,38,53,41,123,7,9,56,55,62,17,139,88,102,30,33,67,69,95,142,85,44,181,58,43,8,49,1
1630996,Rae Burrell,Rae,1611661320,LAS,25.0,28,17,11,0.607,514.8966666666666,77,178,0.433,22,67,0.328,35,47,0.745,18,47,65,34,25,16,6,16,36,52,211,1,381.0,0,0,376.0,113,75,57,61,101,90,92,74,79,82,83,84,83,108,85,112,110,103,110,101,99,127,56,78,91,79,106,63,8,105,1
1642796,Rayah Marshall,Rayah,1611661323,CON,22.0,15,1,14,0.067,90.115,9,26,0.346,0,1,0.0,7,12,0.583,7,19,26,4,7,2,3,2,12,7,25,8,70.2,0,0,65.0,149,170,82,180,157,156,157,152,156,165,156,146,144,152,135,140,140,156,148,156,125,27,26,154,157,71,154,63,8,155,1
204296,Rebecca Allen,Rebecca,1611661329,CHI,33.0,44,10,34,0.227,821.0366666666666,82,240,0.342,42,132,0.318,19,31,0.613,16,97,113,57,39,23,23,6,62,29,225,-231,545.1,0,0,529.0,2,112,180,161,63,86,71,155,46,36,92,105,101,149,99,57,70,81,83,79,29,63,106,103,84,174,78,63,8,81,1
203822,Rebekah Gardner,Rebekah,1611661313,NYL,35.0,41,25,16,0.61,502.0883333333333,55,110,0.5,20,42,0.476,22,27,0.815,27,47,74,25,23,25,7,12,63,24,152,35,351.3,0,0,335.0,47,27,107,60,106,112,117,24,83,100,8,101,106,64,62,112,102,116,115,72,85,111,108,114,113,55,111,63,8,110,1
1631009,Rhyne Howard,Rhyne,1611661330,ATL,25.0,33,23,10,0.697,1151.155,187,499,0.375,102,317,0.322,101,118,0.856,31,117,148,153,55,51,27,11,96,117,577,232,1163.1,0,0,1136.0,93,38,50,28,30,27,16,131,3,1,85,23,25,39,51,45,45,17,56,22,21,105,154,27,19,11,25,63,8,23,1
1642288,Rickea Jackson,Rickea,1611661320,LAS,24.0,38,20,18,0.526,1172.6933333333334,205,483,0.424,65,187,0.348,83,98,0.847,38,84,122,64,78,23,14,22,71,81,558,-111,833.4,0,0,883.0,68,58,119,91,28,21,18,83,17,16,63,30,35,45,41,71,62,70,26,79,53,149,121,44,23,154,44,63,8,40,1
1641641,Robyn Parks,Robyn,1611661323,CON,33.0,6,1,5,0.167,62.861666666666665,1,5,0.2,0,4,0.0,0,0,0.0,1,8,9,2,1,2,0,0,7,1,2,-8,20.8,0,0,17.0,165,170,27,174,162,172,172,172,156,148,156,166,168,166,165,156,160,162,171,156,156,1,20,168,175,91,168,63,8,170,1
1629477,Sabrina Ionescu,Sabrina,1611661313,NYL,28.0,38,25,13,0.658,1193.4983333333332,230,573,0.401,81,271,0.299,152,163,0.933,30,155,185,216,100,48,16,29,63,148,693,150,1331.0,4,0,1303.0,68,27,73,42,23,14,7,106,9,4,102,10,16,4,53,28,36,8,7,29,49,163,108,17,10,26,13,21,8,11,1
1628244,Sami Whitcomb,Sami,1611661317,PHX,37.0,43,26,17,0.605,1026.9166666666667,129,335,0.385,86,238,0.361,46,54,0.852,16,97,113,108,67,33,7,13,90,56,390,108,740.6,0,0,777.0,30,23,113,62,43,53,42,121,7,10,52,63,68,43,99,57,70,37,37,46,85,113,150,70,45,35,54,63,8,45,1
1642790,Sania Feagin,Sania,1611661320,LAS,22.0,16,7,9,0.438,76.80166666666666,10,28,0.357,0,4,0.0,0,2,0.0,3,8,11,4,7,0,6,5,16,1,20,-39,50.2,0,0,47.0,147,137,41,117,161,155,152,145,156,148,156,166,163,166,150,156,158,156,148,169,99,54,32,168,160,121,161,63,8,161,1
1642809,Saniya Rivers,Saniya,1611661323,CON,22.0,42,11,31,0.262,1096.8683333333333,142,349,0.407,43,126,0.341,44,59,0.746,29,89,118,113,62,62,38,14,70,57,371,-265,920.1,0,0,845.0,40,108,174,153,37,47,39,99,44,39,68,65,62,106,56,66,64,34,44,4,14,117,118,69,48,176,38,63,8,42,1
1642782,Sarah Ashlee Barker,Sarah Ashlee,1611661320,LAS,24.0,34,14,20,0.412,481.06333333333333,35,104,0.337,18,61,0.295,17,24,0.708,10,56,66,31,37,11,4,6,45,25,105,-104,238.7,0,0,250.0,86,93,127,124,108,124,120,158,86,87,104,113,112,122,119,103,108,110,87,123,113,63,71,112,121,149,124,63,8,122,1
1630149,Satou Sabally,Satou,1611661317,PHX,27.0,39,23,16,0.59,1038.5316666666668,208,515,0.404,67,209,0.321,153,185,0.827,54,177,231,98,77,49,13,32,115,157,636,153,1169.2,3,0,1156.0,61,38,107,64,42,20,14,103,14,12,89,9,11,55,27,23,21,45,28,26,61,169,171,13,15,23,23,27,8,20,1
1642813,Serena Sundell,Serena,1611661321,DAL,23.0,3,0,3,0.0,21.66,0,1,0.0,0,1,0.0,0,0,0.0,0,1,1,0,2,0,0,0,4,1,0,-19,-0.8,0,0,1.0,174,181,13,181,174,177,179,177,156,165,156,166,168,166,173,175,175,175,166,169,156,1,12,168,177,103,182,63,8,179,1
1642244,Sevgi Uzun,Sevgi,1611661329,CHI,28.0,25,8,17,0.32,439.69666666666666,31,95,0.326,5,30,0.167,11,16,0.688,1,30,31,63,43,13,3,7,37,24,78,-52,214.7,0,0,209.0,125,134,113,140,115,129,124,162,124,115,147,133,127,129,165,129,136,73,76,114,125,72,59,114,131,127,131,63,8,130,2
1631022,Shakira Austin,Shakira,1611661322,WAS,25.0,38,13,25,0.342,874.0383333333333,191,411,0.465,2,15,0.133,97,146,0.664,57,185,242,68,92,41,43,38,81,121,481,-111,1033.4,4,0,961.0,68,99,157,137,57,25,30,49,139,134,153,24,20,139,26,19,18,66,14,37,9,176,134,24,33,154,31,21,8,33,1
1628278,Shatori Walker-Kimbrough,Shatori,1611661330,ATL,30.0,41,29,12,0.707,353.89666666666665,26,63,0.413,11,31,0.355,8,11,0.727,3,34,37,22,15,10,11,4,24,11,71,20,196.4,0,0,183.0,47,14,62,25,130,135,135,97,109,113,57,143,145,113,150,126,131,125,135,128,69,46,46,145,136,64,134,63,8,133,1
203035,Shey Peddy,Shey,1611661325,IND,37.0,15,6,9,0.4,264.62,27,55,0.491,16,35,0.457,7,9,0.778,7,18,25,31,13,6,0,3,20,12,77,-10,158.5,0,0,161.0,149,145,41,125,132,133,140,30,91,109,9,146,150,85,135,141,141,110,138,141,156,39,42,143,132,93,138,63,8,137,2
1631021,Sika Koné,Sika,1611661330,ATL,23.0,19,12,7,0.632,85.395,7,22,0.318,1,5,0.2,12,13,0.923,3,16,19,6,6,0,0,5,12,11,27,-14,52.8,0,0,53.0,137,105,34,50,158,159,159,165,142,146,140,130,139,8,150,147,149,151,156,169,156,54,26,145,156,98,160,63,8,159,2
203400,Skylar Diggins,Skylar,1611661328,SEA,35.0,43,23,20,0.535,1342.8133333333333,228,539,0.423,62,170,0.365,149,189,0.788,27,81,108,258,91,52,35,34,101,153,667,182,1353.6,4,1,1269.0,30,38,127,88,9,15,12,85,22,24,49,11,9,76,62,74,76,4,15,18,16,173,159,15,12,17,12,21,3,14,1
1642785,Sonia Citron,Sonia,1611661322,WAS,22.0,44,16,28,0.364,1414.5983333333334,223,474,0.47,81,182,0.445,130,149,0.872,29,145,174,104,91,55,17,27,94,171,657,-109,1146.8,3,0,1160.0,2,79,169,132,3,17,19,45,9,18,11,16,18,23,56,32,39,42,15,10,46,159,152,9,14,153,27,27,8,18,1
1629482,Sophie Cunningham,Sophie,1611661325,IND,29.0,30,16,14,0.533,756.3333333333334,82,175,0.469,51,118,0.432,42,48,0.875,15,90,105,36,34,29,3,10,65,58,257,29,499.0,1,0,513.0,105,79,82,89,74,86,94,46,34,49,14,70,81,20,103,64,77,99,93,57,125,95,112,65,78,60,86,43,8,83,1
203828,Stefanie Dolson,Stefanie,1611661322,WAS,33.0,43,16,27,0.372,653.07,60,142,0.423,27,75,0.36,14,20,0.7,16,81,97,59,29,12,14,5,97,30,161,-54,414.9,0,0,396.0,30,79,163,127,88,108,109,86,66,75,54,123,119,124,99,74,83,77,104,119,53,54,155,101,109,130,102,63,8,103,1
203855,Stephanie Talbot,Stephanie,1611661313,NYL,31.0,38,20,18,0.526,540.505,39,104,0.375,16,56,0.286,18,28,0.643,26,75,101,66,40,19,6,6,43,24,112,-28,367.2,0,0,345.0,68,58,119,91,96,119,120,128,91,90,110,108,104,143,65,82,80,68,80,91,99,63,66,114,119,115,107,63,8,108,2
1630134,Sug Sutton,Sug,1611661322,WAS,26.0,43,16,27,0.372,1122.1566666666668,119,282,0.422,42,119,0.353,37,48,0.771,8,69,77,166,83,33,3,10,58,54,317,-45,683.4,0,0,674.0,30,79,163,127,32,56,56,89,46,47,60,80,81,90,131,87,98,13,23,46,125,95,103,73,58,123,60,63,8,58,1
202641,Sydney Colson,Sydney,1611661325,IND,36.0,30,17,13,0.567,403.75333333333333,26,76,0.342,13,47,0.277,6,7,0.857,7,18,25,60,35,15,6,2,34,13,71,-29,219.0,0,0,211.0,105,75,73,77,121,135,129,154,101,96,117,152,154,34,135,141,141,76,92,104,99,27,54,139,136,116,129,63,8,129,1
1642814,Taylor Thierry,Taylor,1611661330,ATL,22.0,17,14,3,0.824,36.06,2,11,0.182,1,3,0.333,1,4,0.25,2,4,6,2,1,4,0,5,1,3,6,-11,27.2,0,0,23.0,143,93,13,10,167,168,164,175,142,153,71,162,159,165,157,165,165,162,171,151,156,54,3,161,169,95,163,63,8,164,1
1642804,Te-Hina Paopao,Te-Hina,1611661330,ATL,23.0,43,29,14,0.674,719.9616666666667,96,218,0.44,51,132,0.386,7,13,0.538,10,59,69,105,44,20,9,8,48,26,250,171,533.3,0,0,533.0,30,14,82,39,76,76,76,67,34,36,32,146,139,156,119,99,106,39,75,89,74,82,81,109,80,18,80,63,8,79,1
1629479,Teaira McCowan,Teaira,1611661321,DAL,29.0,17,3,14,0.176,218.92666666666668,36,67,0.537,1,2,0.5,22,29,0.759,30,48,78,10,16,5,12,9,24,29,95,-41,238.6,1,0,218.0,143,157,82,173,140,123,131,12,142,156,2,101,103,101,53,111,97,143,130,145,65,88,46,103,125,122,125,43,8,127,1
1627701,Temi Fágbénlé,Temi,1611661331,GSV,33.0,39,20,19,0.513,925.1533333333333,125,249,0.502,12,62,0.194,26,36,0.722,70,120,190,61,58,35,23,19,119,60,288,2,723.5,2,0,667.0,61,58,125,101,53,55,69,22,104,86,142,94,92,114,16,42,33,74,51,43,29,140,174,64,71,77,55,35,8,59,1
203026,Tiffany Hayes,Tiffany,1611661331,GSV,36.0,26,13,13,0.5,699.74,99,237,0.418,41,101,0.406,64,80,0.8,18,82,100,77,49,14,4,18,58,79,303,70,543.5,0,0,557.0,119,99,73,102,80,75,72,92,49,59,20,46,51,68,85,73,81,60,67,108,113,136,103,47,66,45,79,63,8,71,1
1627676,Tiffany Mitchell,Tiffany,1611661328,SEA,31.0,39,18,21,0.462,509.66333333333336,40,102,0.392,11,30,0.367,35,47,0.745,11,31,42,12,24,14,8,7,52,53,126,-31,236.4,0,0,235.0,61,68,136,112,104,118,122,115,109,115,44,84,83,108,110,128,127,140,113,108,81,72,91,75,118,117,126,63,8,124,2
202250,Tina Charles,Tina,1611661323,CON,37.0,43,11,32,0.256,1222.285,260,593,0.438,12,46,0.261,168,196,0.857,62,186,248,74,82,33,19,24,89,146,700,-406,1182.6,7,0,1138.0,30,108,177,154,18,8,5,71,104,97,128,6,7,34,20,18,17,62,24,46,36,153,147,18,9,182,21,14,8,22,1
1630112,Tyasha Harris,Tyasha,1611661321,DAL,27.0,5,1,4,0.2,82.43333333333334,8,18,0.444,5,11,0.455,2,2,1.0,1,4,5,13,3,2,2,1,5,2,23,15,57.5,0,0,54.0,168,170,22,168,159,158,160,64,124,139,10,160,163,1,165,165,169,138,162,156,137,18,16,164,159,67,158,63,8,158,1
1631007,Veronica Burton,Veronica,1611661331,GSV,25.0,44,23,21,0.523,1292.4166666666667,149,385,0.387,61,177,0.345,166,189,0.878,50,142,192,265,94,50,27,37,103,190,525,97,1289.9,5,0,1197.0,2,38,136,95,12,43,33,119,23,21,66,7,9,19,32,35,32,3,13,24,21,175,164,4,27,37,16,16,8,16,1
1628304,Yvonne Anderson,Yvonne,1611661324,MIN,35.0,1,1,0,1.0,12.35,0,3,0.0,0,1,0.0,0,0,0.0,0,1,1,2,0,2,0,0,3,1,0,13,10.2,0,0,7.0,179,170,1,1,178,177,176,177,156,165,156,166,168,166,173,175,175,162,177,156,156,1,8,168,177,68,174,63,8,176,1
1641660,Zia Cooke,Zia,1611661328,SEA,24.0,26,15,11,0.577,260.895,30,84,0.357,15,38,0.395,15,23,0.652,6,8,14,14,22,10,1,5,26,17,90,-69,138.8,0,0,155.0,119,87,57,72,133,130,126,145,95,105,26,119,113,140,139,156,155,136,119,128,144,54,49,132,128,137,140,63,8,139,1
